<?xml version="1.0" encoding="UTF-8" standalone="yes"?>
<addon id="plugin.program.kodinextgentools" name="Kodi Next Gen Tools" version="3.0.0" provider-name="XenStreamz">
  <requires>
	<import addon="xbmc.python" version="2.1.0"/>
    <import addon="script.module.addon.common" />
  </requires>
  <extension point="xbmc.python.pluginsource" library="default.py">
        <provides>executable</provides>
  </extension>
  <extension point="xbmc.addon.metadata">
    <summary lang="en">Kodi Next Gen Tools</summary>
	<description>Thanks to whufclee for the original Community Builds code used in this add-on. Big Thanks to Chris Jones for his help and support</description>
    <platform>all</platform>
  </extension>
</addon>