<?xml version="1.0" encoding="UTF-8" standalone="yes"?>
<addon id="repository.kodinextgentools" name="Kodi Next Gen Tool Repository" version="0.1.0" provider-name="KODI NEXT GEN TOOL">
	<extension point="xbmc.addon.repository" name="Kodi Next Gen Tool Repository">
        <info compressed="false">https://github.com/atkins87/KodiNextGenTools/blob/master/repo/addons.xml</info>
		<checksum>https://github.com/atkins87/KodiNextGenTools/blob/master/repo/addons.xml.md5</checksum>
		<datadir zip="true">https://github.com/atkins87/KodiNextGenTools/tree/master/zips</datadir>
	</extension>
	<extension point="xbmc.addon.metadata">
		<summary>KODI NEXT GEN TOOL Repository</summary>
		<description>Please visit http://thenextgenkoditool.com/</description>
		<platform>all</platform>
	</extension>
</addon>