<?xml version="1.0" encoding="UTF-8" standalone="yes"?>
<addon id="repository.kodinextgentools" version="0.1.0" name="Kodi Next Gen Tool Repository" provider-name="KODI NEXT GEN TOOL">
  <extension point="xbmc.addon.repository" name="Kodi Next Gen Tool Repository">
    <info compressed="false">https://github.com/atkins87/KodiNextGenTools/raw/master/repo/addons.xml</info>
    <checksum>https://github.com/atkins87/KodiNextGenTools/raw/master/repo/addons.xml.md5</checksum>
    <datadir zip="true">https://raw.github.com/atkins87/KodiNextGenTools/master/repo</datadir>
  </extension>
  <extension point="xbmc.addon.metadata">
    <summary>KODI NEXT GEN TOOL Repository</summary>
    <description>Please visit http://thenextgenkoditool.com/</description>
    <platform>all</platform>
  </extension>
</addon>
